순위,ISBN,상품번호,상품명,판매가,YES포인트,저자,출판사,설명,출고예상일,관리분류
1,9788934985051,103025960,햇빛은 찬란하고 인생은 귀하니까요,"13,320원",740원,장명숙,김영사,"“누구나 다 주인공이에요” 한국인 최초 밀라노 패션 유학생에서 전 세계 젊은이들의 롤모델이 되기까지 밀라논나가 보내는 빛나는 응원 유희열, 김이나, 정세랑 추천! 1952년생 멋쟁이 할머니, 한국인 최초 밀라노 패션 유학생, 서울 아시안게임 개·폐회식 의상 디자이너, 이탈리아 정부 명예기사 작위 수여자, 구독자 수 100만 명을 향해가는 유튜버, 밀라논나 장명숙(이하 밀라논나)을 지칭하는 수식어를 한 단어로 압축한다면, 우리가 꿈꾸는 좋은 ‘어른’이다. 포용력을 갖춘 어른, 무해한 영감을 주는 어른, 성공보다 성장을 권유하는 어른, 우리가 닮고 싶은 그런 어른 말이다. 『햇빛은 찬란하고 인생은 귀하니까요』는 완고한 고집보다 유연한 소신을 가진 밀라논나의 인생 내공을 담은 에세이다. “하나뿐인 나에게 예의를 갖”추면서 “이해하고 안아주는 사람이” 되기까지의 과정이 고스란히 담겨 있고, 평생 쌓인 경험과 지혜가 오롯이 스며 있다.",1,국내도서-에세이
2,9791197549304,103598738,인생은 실전이다,"16,650원",920원,신영준/주언규,상상스퀘어,"혼돈의 시대에 살아남는 데 필요한 이야기를 담은 생존 에세이 온몸으로 겪어내야 할 진짜 현실을 이야기하다 신영준과 주언규 두 저자는 소셜 미디어를 통해, 유튜브를 통해, 강연을 통해, 저서를 통해 많은 사람과 교류해왔다. 성공한 사람들을 인터뷰하고, 하루하루 열심히 살아가는 보통 사람의 이야기도 들었으며, 지금도 메일함에 수천 명의 사람들이 보내온 고민을 소중하게 보관하고 있다. 그 많은 소통의 결과 망하지 않고 살아남는 것이 중요하다는 결론에 이르렀고, 그 철학을 한 권의 책에 담아냈다.",1,국내도서-에세이
3,9791191043181,97963005,오늘은 이만 좀 쉴게요 (10만 부 기념 스페셜 에디션),"12,600원",700원,손힘찬/이다영,스튜디오오드리,"10만 독자에게 다정한 휴식을 선사한 『오늘은 이만 좀 쉴게요』 결정판 탄생! 10만 독자에게 사랑받은 『오늘은 이만 좀 쉴게요』가 새롭게 탄생했다! 스튜디오오드리에서 재출간하는 『오늘은 이만 좀 쉴게요』는 10만 부 판매를 기념하는 스페셜 에디션으로, 구판의 내용을 수정·보완하고 형식적 완성도를 갖춰 진정한 결정판에 걸맞은 모습으로 독자를 찾아간다. 2018년 출간 이래 열정 과잉 사회로부터 독자를 구해냈다는 평을 받은 『오늘은 이만 좀 쉴게요』는 2021년 현재까지도 독자의 사랑이 이어져 삶을 위로하는 에세이 분야의 스테디셀러로 공고히 자리를 잡아가고 있다. 그런 독자들의 사랑에 응답하기 위해 저자 손힘찬은 3년간의 성장을 고스란히 녹여낸 17편의 원고를 결정판에 추가했다. 이다영 그림 작가가 오직 결정판만을 위해 선물한 11장의 추가 일러스트는 감상에 즐거움을 더한다.",1,국내도서-에세이
4,9791162143605,101682634,잘했고 잘하고 있고 잘 될 것이다 (스페셜 리미티드 에디션),"13,500원",750원,정영욱,부크럼,"70주 연속 에세이 베스트셀러 반짝반짝 찬란하게 빛나는 스페셜 리미티드 에디션으로 재탄생 1년간 20만 부 이상 판매 기록 ‘21세기를 위한 10권의 도서’ 선정 ‘2020 올해의 문장 1위’ 선정 독보적 에세이스트 정영욱이 건네는 한 권의 위로 2021년 5월 출간 후, 1년간 20만 부 이상의 판매 기록을 세우며 에세이 베스트셀러에 굳건히 자리 잡은 『잘했고 잘하고 있고 잘 될 것이다』가 반짝반짝 찬란한 윤슬을 담아서 스페셜 리미티드 에디션으로 재탄생했다. 『참 애썼다 그것으로 되었다』 『나를 사랑하는 연습』등, 이전 도서를 통해 40만 독자에게 사랑받은 작가 정영욱은 이 책을 통해 변함없이 당신의 과거와 현재, 그리고 미래를 응원한다.",1,국내도서-에세이
5,9791191043440,104403812,이제는 오해하면 그대로 둔다,"13,500원",750원,김다슬,스튜디오오드리,"395만 독자가 선택한 글스타그램 수많은 사람에게 진심 어린 위로와 실질적인 변화를 선사한 김다슬 작가의 내 편과 내 편인 척하는 사람을 구분하는 뼈 때리는 에세이 “현미경처럼 내 마음을 들여다보는 인생글귀”, “실타래처럼 얽혀 있던 머릿속을 한 줄로 정리해주는 기분”, “시원시원하게 이성적으로 뼈 때리는 글”이라는 독자들의 찬사를 받으며 인스타그램에서 폭발적인 반응을 얻고 있는 김다슬 작가의 첫 번째 책이 드디어 출간되었다. 『이제는 오해하면 그대로 둔다』는 그동안 김다슬 작가가 삶과 사랑, 관계, 마음에 관해 인스타그램에 연재해온 많은 글 중에서 수백만 독자가 특히 열렬히 공감한 인기 있는 글 120편을 골라 ‘관계’라는 주제로 묶어냈다. 누구나 살면서 관계에 문제를 겪는다. 갈등하고, 상처 입고, 실수하고, 오해하고, 멀어진다.",1,국내도서-에세이
6,9788934980223,104999842,미워하는 미워하는 미워하는 마음 없이,"13,050원",720원,유지혜,김영사,"MZ 세대 문학 아이콘, 베스트셀러 『쉬운 천국』 유지혜 작가 신작 새벽 내내 사랑하고, 동경하고, 사무치게 그리워했던 마음들 『쉬운 천국』으로 베스트셀러 작가 반열에 오르며 MZ 세대 문학 아이콘으로 자리 잡은 유지혜 작가가 이번에는 여행 에세이가 아닌, ‘사랑’에 대한 진솔하고, 특별한 시각을 담은 이야기로 찾아온다. 새벽 풍경이 내려다보이는 ‘자기만의 방’에서 지난 시간을 곱씹고 또 곱씹으며 내가 가장 사랑하는 것들은 무엇인지, 나아가 진정한 ‘사랑’의 의미는 무엇인지에 대한 답을 찾는 여정을 담았다. 온 이십 대를 낯선 풍경과 사람들 사이에서 보내며 결국 ‘사랑이 세상의 전부’임을 깨달은 작가는, 우리가 누리는 일상이 누군가에게 간절한 ‘이상’임을, 곁에 머무르는 모든 것들이 다시는 오지 않을 소중한 행복임을 전한다.",1,국내도서-에세이
7,9788932921365,104647674,상대적이며 절대적인 지식의 백과사전,"16,020원",890원,베르나르 베르베르/이세욱/임호경/전미연,열린책들,"상상력이 필요하다면 바로 이 책! 베르나르 베르베르 창작의 원천 [상 · 절 · 지 · 백] 읽는 사람의 상상력을 자극하는 지식, 일화, 잠언과 단상 총 542항목을 담은 『상대적이며 절대적인 지식의 백과사전』이 열린책들에서 출간되었다. 『개미』, 『뇌』, 『나무』, 『신』 …… 그리고 『문명』에 이르기까지 수많은 베스트셀러를 써낸 상상력의 거장 베르나르 베르베르. 그는 1991년 『개미』로 데뷔한 후 30년 동안 꾸준히 기발하고 매혹적인 스토리로 독자들을 사로잡는 작품을 발표했다. 도대체 그 마르지 않는 창작의 원천은 어디에 있을까? 『상대적이며 절대적인 지식의 백과사전』이 바로 그 비밀을 엿볼 수 있는 책이다. 베르베르는 열세 살 때부터 혼자만의 비밀 노트를 기록해 왔다.",1,국내도서-에세이
8,9791197037153,98799362,작은 별이지만 빛나고 있어 (20만 부 기념 한정판 에디션),"13,500원",750원,소윤,북로망스,"“존재만으로도 충분한 너에게 해주고 싶은 말” 고단한 일상에서 가끔 우리는 각자의 빛을 잊고 살 때가 있다. 빛나야 하는 이유도 점점 내가 아닌 타인, 혹은 다른 이유가 되어버리는 세상. 세상이 제멋대로 정의한 거대한 별만 바라보느라, 내 안의 빛을 보고 있지 못한 우리에게 건네는 작가의 위로. 잊지 말자, 우리는 모두 각자의 생김새대로, 제각기 다른 방식으로 빛나고 있다는 것을.",1,국내도서-에세이
9,9791191824056,104732812,멋쟁이 희극인,"12,150원",670원,박지선,자이언트북스,"박지선 1주기 - 11월 2일 1주기 추모 발간 멋쟁이 희극인 박지선이 남긴 꽁트와 강의록 그리고 트위터를 친구들이 함께 모아서 만든 책 박지선 씨가 직접 손으로 쓰고 그린 노트에는 207편의 글이 빼곡하게 들어 있었습니다. 간단한 일정부터 강연을 위해 정리한 자료, 직접 그린 그림들, 여러 가지 단상들, 그중에서도 꽁트를 위한 아이디어 메모가 압도적으로 많았습니다. 현재를 기록하면서도, 누군가를 웃게 하기 위한 아이디어를 끊임없이 생각하고 고민한 흔적이었습니다. 박지선 씨가 들려주고 싶었던, 그렇지만 들려주지 못했던 즐거운 이야기들을 두고 오랜 시간 고민했습니다. 이 글들이 세상을 만나는 가장 좋은 도구로, 박지선 씨가 늘 함께하고 사랑했던 책을 떠올렸습니다. 온전히 박지선 씨가 직접 쓴 글들 중 트위터에 올린 글과 겹치는 내용을 빼고 95편을 선별하여 책을 내기로 결정했습니다.",1,국내도서-에세이
10,9791160946918,94978691,어린이라는 세계,"13,500원",750원,김소영,사계절,"어린이에 대해 생각할수록 우리의 세계는 넓어진다 어린이는 잘 보이지 않는다. 몸이 작아서이기도 하고, 목소리가 작아서이기도 하다. 양육이나 교육, 돌봄을 맡고 있는 사람이 아니라면 우리 곁에 어린이가 ‘있다’는 사실을 의식하지 못한 채 살아가기 쉽다. 10년 남짓 어린이책 편집자로 일했고, 지금은 독서교실에서 어린이들과 책을 읽는 김소영은 어린이의 존재를 더 잘 보이게 하기 위해 부지런히 글을 쓰고 목소리를 내 왔다. 『어린이라는 세계』에는 김소영이 어린이들과 만나며 발견한, 작고 약한 존재들이 분주하게 배우고 익히며 자라나는 세계가 담겨 있다. 이 세계의 어린이는 우리 곁의 어린이이기도 하고, 우리 모두가 통과해온 어린이이기도 하며, 동료 시민이자 다음 세대를 이루는 어린이이기도 하다.",1,국내도서-에세이
11,9791190382502,104086365,모든 것은 기본에서 시작한다,"14,400원",800원,손웅정,수오서재,"축구선수로서의 삶, 아버지로서의 삶, 지도자로서의 삶 자신의 삶에 대한 반성과 성찰로 빚어낸 강건한 신념과 철학! “나의 축구는 온전히 아버지의 작품이다” - 손흥민 ‘겸손하라. 네게 주어진 모든 것들은 다 너의 것이 아니다’, ‘감사하라. 세상은 감사하는 자의 것이다’, ‘삶을 멀리 봐라. 욕심을 버리고 마음을 비워라’… 손흥민 선수의 아버지이자 축구 지도자로서 세계인의 주목을 받고 있는 손웅정 감독의 메시지는 ‘삶의 본질’에 초점이 맞춰 있다. 축구선수로 뛰던 자신의 경험을 반추하며 ‘나처럼 하면 안 된다’는 생각에 손흥민 선수를 직접 교육했고, ‘기본기’의 중요성을 강조했다. 기술을 가르치는 데서 끝나는 것이 아닌 선수로, 사람으로 길러야 한다고 믿었다. 손웅정의 교육 방향, 삶의 방식은 사람들에게 회자되며 큰 반향을 일으켰고, 그는 이 책을 통해 최초로 자신의 삶의 궤적과 생각들을 담담히 풀어놓았다.",1,국내도서-에세이
12,9791197080838,94417374,있는 그대로 살아도 괜찮아,"11,970원",660원,박찬위,떠오름,"자존감을 잃어버린 나머지, 있는 그대로 살아가지 못한 당신에게 박찬위 작가가 건네는 한 마디 조언 “있는 그대로 살아도 괜찮아” 우리는 정신없이 무언가를 하지만 사람과 사랑, 삶을 대하는 법은 서툴기만 하다. 그렇기에 모든 인간관계에서 좋은 영향을 받다가도 의도와 달리 상처를 받기도 한다. 『있는 그대로 살아도 괜찮아』는 저자가 삶, 사람, 사랑을 대하면서 깨달은 것들과 동시에 '나'를 사랑하는 법을 알려준다. 글을 읽다보면 따뜻한 위로가 되어주기도 하고 때로는 아닌 건 아니라며 단호하게 말하기도 한다. 쉬고 싶을 땐 잠시나마 쉬라고 얘기 해주고, 지쳐 힘들 때는 묵묵히 곁을 지켜주는 친구와 같은 책이다. 활자속에 담긴 126가지의 이야기는 오롯이 당신이 행복해질 수 있는 방법만 이야기할 것이다.",2,국내도서-에세이
13,9791162143322,90473307,관계를 정리하는 중입니다 (루나 에디션),"12,150원",670원,이평,부크럼,"SNS에서 13만 명에게 사랑받은 작가 2020년 베스트 셀러 이평의 관계 에세이 리미티드 에디션으로 출간! “누군가 너를 이유 없이 싫어하면 싫어할 이유를 하나 만들어줘라!” 나의 머릿속을 복잡하게 만드는 원인인 ‘관계’를 속 시원하게 정리해주고, 나아가 나를 돌아보게 만드는 문장들로 많은 독자들에게 공감과 애정을 이끌어낸 책 『관계를 정리하는 중입니다』. 이번 한정판에서는 기존판에서는 볼 수 없는 새롭게 추가된 글들로 독자들에게 한발 더 다가선다. 총 214P였던 기존 판보다 무려 40P가 늘어난 이번 리미티드 에디션을 통해 작가 이평은 특유의 사이다성 문구들로 사람 문제로 속앓이하는 독자들에게 더 구체적인 방법을 제시할 예정이다. 우리는 살아가면서 무수히 많은 사람을 만난다. 개중에는 좋은 사람도 나쁜 사람도, 그리고 이상한 사람도 존재한다. 물론 우리는 그들을 모두 이해할 수도, 정의내릴 수도 없다. 사람에 대한 평가는 모두 상대적이고, 우리는 우리 스스로조차도 온전히 이해할 수 없기 때문이다. ‘넌 도대체 왜 이렇게 무례하게 구니?’ ‘너는 왜 나를 이렇게 힘들게 하니?’ 결국 마음속엔 무수한 질문만이 쌓여간다. 자신의 마음조차 모르는 마당에 타인에 대한 마음의 짐을 떠안고 살기란 여간 어려운 일이 아니다. 그렇다면, 우린 이해의 방향을 조금 바꿔볼 수 있지 않을까? ‘나는 그와 있을 때 너무 힘들어.’ ‘굳이 나를 불편하게 만드는 사람과의 연을 이어가야 할까?’ ‘자꾸만 선을 넘는 사람은 어떻게 대처해야 할까?’ ‘혼자이고 싶은데, 혼자이긴 싫은 마음일 땐 어떻게 해야 할까?’ 타인에게 받은 감정의 영향으로 만남 후 집에 돌아와 몸져눕는 당신, 사람과의 관계가 어려운 당신에게 이 책을 추천한다. ""타인은 타인을 모른다. 끝끝내 서로의 고충을 이해하지 못 하고 살아갈 것이다. 이해하려고 노력할수록 반목은 계속될 것이고, 그 속에 감정이 섞여 있다면 상처를 받게 될 것이다. 그렇다면 어쭙잖은 조언 대신 묵묵히 지켜봐 주는 건 어떨까. 이해 말고 존중의 태도로 말이다.""",1,국내도서-에세이
14,9791130629636,90266627,애쓰지 않고 편안하게 (20만 부 기념 에디션),"13,500원",750원,김수현,놀,"전작 『나는 나로 살기로 했다』를 통해 100만 독자에게 사이다 같은 통찰과 단단한 위로를 전해준 김수현 작가의 에세이. 당당하게 “나로 살기로 했다”고 외치던 저자는 4년 만에 한층 성숙해진 모습으로 돌아와 “나를 지키는 관계 맺기”를 이야기한다. 어느 날 완벽하다고 믿어 의심치 않았던 관계를 상대는 전혀 다르게 생각하고 있었다는 사실을 깨닫고 관계에 대한 고민을 시작했고 오랜 시간 고민한 나름의 결과를 이 책에 담았다. 저자는 언제나 잠겨 있는 수도꼭지도, 아무 때나 콸콸 쏟아지는 수도꼭지도 망가진 건 똑같다고 강조한다. 단호해야 할 때와 너그러움이 필요할 때를 구분한다면, 경계와 허용치 사이에서 균형을 잡을 수 있다면, 우리는 복잡한 세상에서 좀 더 편하게 살아갈 수 있다.",1,국내도서-에세이
15,9791187119845,33529377,나는 나로 살기로 했다,"12,420원",690원,김수현,마음의숲,"진짜 ‘나’로 살기 위한 뜨거운 조언들. 어른이 처음인 당신을 위한 단단한 위로들. 이 책은 우리가 온전한 ‘나’로 살아가기 위해 무엇이 필요한지 말해준다. 돈 많고 잘나가는 타인의 SNS를 훔쳐보며 비참해질 필요 없고, 스스로에게 변명하고 모두에게 이해받으려 애쓰지 말라고 이야기한다. 불안하다고 무작정 열심히 할 필요 없고, 세상의 정답에 굴복하지 말라고 응원한다. 인생의 지나가는 사람들에게 더 이상 상처받지 말고, 누군가의 말에 흔들리지 말고, 자신만의 문제라고 착각하지 말라고. 우리에게 가장 필요한 말, 나답게 살라고 말한다.",2,국내도서-에세이
16,9791130641652,104830152,당신은 괜찮은 부모입니다,"13,500원",750원,이근후,다산북스,"“모든 아이에게 부모는 첫사랑입니다” 50년간 수만 명을 치유해온 정신분석 전문의 이근후가 전하는 따뜻한 응원과 삶의 조언 50년간 정신과 의사이자 대학 교수로 일하면서 네 자녀의 아버지, 손자들의 할아버지로 긴 양육의 여정을 경험한 이근후 저자. 사람들은 그에게 “어떻게 그리 많을 일을 하면서도 자식들을 잘 키울 수 있었습니까?”하고 묻곤 한다. 그리고 이에 대한 그의 답은 단순하다. “아이들 스스로 알아서 컸을 뿐입니다.” 돌이켜보니 인생에는 뜻대로 이룰 수 있는 일이 생각보다 많지 않았고, 예기치 않은 시련에 가장 크게 흔들리는 일이 ‘부모 노릇’이었다. 그럼에도 저자는 아이들 때문에 너무 속 끓이지 말고, 그저 물 흐르듯 곁에서 지켜보고 믿어주면 된다고 조언한다. 이 책은 아흔을 앞둔 노학자인 이근후 저자가 ‘아이를 잘 키운다는 것은 무엇인가’를 고민하는 젊은 부모들에게 전하는 삶의 지혜를 담았다.",2,국내도서-에세이
17,9791197023033,90985358,오늘만큼은 내 편이 되어주기로 했다,"12,150원",670원,권민창,스튜디오오드리,"하루 한 편, 일상의 빛나는 순간을 SNS에 공유하며 수만 팔로워에게 뜨거운 지지를 받아온 권민창의 두 번째 에세이. 무심코 지나칠 법한 사소한 일상도 저자의 섬세한 시선을 거치면 성장의 양분이 된다. “행복은 출근길 달달한 바닐라라테 같은 것”이라고 말하는 권민창은 이 책을 통해 무리한 보폭으로 행복을 쫓기보다 ‘지금, 여기’에 놓인 작고 소중한 기쁨에 집중하자고 말한다. 가까운 이에게 힘이 되어주는 말 습관, 보다 지혜롭게 사랑의 난관을 헤쳐나가는 법, 현명한 관계 맺기의 기술 등을 담았다. 또한, 마치 작은 식물을 키우듯 스스로를 돌보는 건강한 삶의 방식을 발견할 수 있을 것이다.",1,국내도서-에세이
18,9791191043433,104102197,나는 나에게 좋은 사람이고 싶어,"13,500원",750원,라비니야,스튜디오오드리,"마음 같지 않은 인생을 버티며 살아가는, 작고 약한 동시에 대단하고 강한 존재들인 우리 모두에게 가장 필요한 주문. 『나는 나에게 좋은 사람이고 싶어』는 세상에 단단히 뿌리 내리기 위해 버거운 오늘을 견디는 심정을 한 편의 글과 그림에 담아 브런치에 성실히 연재해온 라비니야의 첫 에세이다. 세상을 좀 더 사랑하기 위해 나를 좋아하는 일부터 시작하기로 다짐한 저자의 담백하고 진지한 마음가짐과 삶을 애틋하게 바라보는 시선이 한데 엮였다. 20대 청년에게 호의적이지 않은 세상을 살아가며 보고, 듣고, 경험한 일들은 자신을 비난하고 절망하는 상태로 이어지기 쉽다. 하지만 저자는 그 앞에서 과감히 방향을 틀어 자신에게 좋은 것들을 선택하기로 했다. 저자가 더 행복해지려고 나아가는 길을 따라가다 보면 스스로에게 야박했던 이들도 자신을 아끼고 소중히 여기는 법을 깨닫게 될 것이다.",1,국내도서-에세이
19,9791197504136,104191330,다정소감,"13,500원",750원,김혼비,안온북스,"다정한 친구가 되어줄, 김혼비의 신작 산문집 『우아하고 호쾌한 여자 축구』, 『아무튼, 술』, 『전국축제자랑』으로 독자들의 사랑을 받아온 에세이스트 김혼비의 신작 산문집 『다정소감』이 안온북스에서 출간되었다. 책 제목 ‘다정소감’은 ‘다정다감’을 장난스레 비튼 말이다. 동시에 김혼비가 다정들에서 얻은 작고 소중한 감정의 총합을 뜻하기도 한다. 모든 다정한 사람은 조금씩 유난하다. 작가의 문장은 그래서 유난히 반짝인다. 그렇게까지나 멀리 내다보고, 이토록이나 자세히 들여다본다. 실낱같은 마음으로 울었다가 매듭 같은 다정함으로 다시 웃는다. 격식을 갖춰 농담한다. 논리적으로 설득한다. 그러니까, 다정소감은 다정에 대한 소감이자 다정에 대한 감상이요, 다정을 다짐하는 일이기도 하다. 꽤 긴 시간 거리를 둘 수밖에 없었기에 만들어진 우리 마음속 얼음들이 서서히 녹길 바라면서.",1,국내도서-에세이
20,9791190313506,104864723,누구도 벼랑 끝에 서지 않도록,"11,700원",650원,이문수,웨일북,"김치찌개 파는 신부가 건네는 따끈한 위로 “힘내, 라는 말 대신 밥을 차립니다 [유 퀴즈 온 더 블럭] 김민석 PD 추천! 정릉시장 골목을 지나 정릉천과 얼굴을 맞대고 있는 건물의 가파른 계단을 올라가면 ‘청년밥상 문간’이 있다. 그곳에서 이문수 신부는 낙담하고 좌절하는 순간이 오더라도 청년들이 용기를 잃지 않았으면 좋겠다는 마음으로, 매일 3천 원짜리 김치찌개를 팔고 있다. 대학로 고시원에서 한 청년이 굶주림 끝에 세상을 떠난 일은 그의 마음에 최초의 불꽃이 일게 했다. “더 이상 청년들이 밥을 굶지 않았으면 좋겠다”는 간절함으로 시작된 식당, 첫해는 매일 적자를 볼 수밖에 없었다. 그럼에도 계속 문을 열 수 있었던 것은 ‘도와주는’, 늘 다정한 사람들이 곁에 있기에 가능했다. 『누구도 벼랑 끝에 서지 않도록』은 혼자서 버텨내 보려는 청년들에게 정제된 시선으로 응원의 메시지를 보내고, 인생을 살아가면서 얻을 삶의 가치를 이야기한다.",1,국내도서-에세이
21,9791159256486,102234240,왜 아가리로만 할까?,"13,320원",740원,이수창/이상목/박정한,들녘,"왜 말로만 하고 실천하지 못하는지, 나도 나를 이해할 수 없는 당신에게 꼭 필요한 이야기 공부? 해야지. 운동? 퇴근하고 해야지. 다이어트? 내일부터 해야지. 자기계발? 해야 하는데 시간이 없어. 새해 연초에 세운 계획? 아, 하나도 못 지켰네. 많은 이들이 자신의 고민을 끌어안고 또 해야 할 일을 미룬 채 아가리로 살아간다. 작년, 그리고 올해는 무언가 이루지 못했어도 코로나 ‘덕분에’ 둘러대기도 참 좋다. 헬스장이 운영되지 않아서, 독서실이 폐쇄되어서, 스트레스 풀 방법이 없으니 먹는 것으로 풀어야지. 무언가 못하는 이유를 만드는 것은 식은 죽 먹기보다도 쉽다. 모두 알고 있다, 실은 ‘못’하는 게 아니라 ‘안’하는 거라는 것을. 이 책에서는 입으로만 한다고 말해놓고 실천하지 못하는 사람을 ‘아가리’라고 지칭했다. 저자 역시 아가리였다. 누군가의 마음에 근거 없는 따뜻한 위로만을 더해 마음을 다독여주는 책은 인생에 도움이 되지 않는다.",1,국내도서-에세이
22,9791191248432,105161887,고르고 고른 말,"14,400원",800원,홍인혜(루나),미디어창비,"다정한 말, 아픈 말, 용기 내는 말, 유쾌한 말… 말에 기대어 어제를 견디고 오늘을 위로받는 당신을 위한 언어 에세이 카피라이터로 일하고, 만화가로 [루나파크]를 그리며, 시인으로 글을 쓰는 홍인혜의 리드미컬한 말의 세계 수많은 말 중에서 가장 좋은 말만 고르고 골라 이야기를 전하고자 성실히 노력해온 카피라이터, 만화가, 시인 홍인혜의 언어 에세이 『고르고 고른 말』이 미디어창비에서 출간되었다. 국민일보와 한겨레신문에 연재해온 칼럼에 새롭게 글을 보탠 이 책은 정곡을 찌르는 메시지와 빈틈을 파고드는 유머로 말에 대한 이야기를 펼친다. 일상툰 ‘루나파크’로 독자들과 끈끈한 공감대를 형성해온 홍인혜는 말의 세계가 늘 궁금했다. 작은 태양계처럼 말의 인력에 이끌린 듯 그 주변을 빙글빙글 돌면서 광고를 만들고, 만화 속 말풍선을 채우고, 다양한 곳에서 강연하다가 2018년에는 시인으로 등단했다.",1,국내도서-에세이
23,9788934984979,99181849,그러라 그래,"13,050원",720원,양희은,김영사,"양희은 데뷔 51주년 현재진행형 에세이 아이유, 이적, 김나영 추천! 어떻게 인생이 쉽기만 할까? 그저 좋아하는 걸 하고, 좋아하는 사람을 두고 나답게 살면 그만이지 꽃다운 나이 칠십 세. 매일 아침 라디오 ‘여성시대’에서 청취자들과 친근한 대화를 나누는 친구 같은 라디오 DJ이자 [아침 이슬] [한계령] [엄마가 딸에게] 등 수많은 히트곡을 낸 가수 양희은. 데뷔 51년 차에도 한 그루 느티나무처럼 늘 같은 자리에 서서 세월만큼 깊어진 목소리로 노래하는 현재진행형 가수 양희은의 에세이 『그러라 그래』가 출간되었다. 지나온 삶과 노래, 일상의 소중한 순간들을 마치 오랜 친구의 사연을 낭독하듯 따스하고 정감 있게 담았다. “그러라 그래”, “그럴 수 있어” 어떤 근심도 툭 털어버리는 양희은의 말처럼, 이 책에는 ‘쉽지 않은 인생을 정성껏 잘 살아보고 싶게 만드는 애틋한 응원’이 담겨 있다.",1,국내도서-에세이
24,9788933871553,96435613,모래알만 한 진실이라도,"15,300원",850원,박완서,세계사,"영원한 현역 작가 박완서의 10주기 기념 에세이 결정판 박완서가 남긴 소중한 유산, 에세이를 재조명하다 『그 많던 싱아는 누가 다 먹었을까』,『엄마의 말뚝』,『나목』,『그 산이 정말 거기 있었을까』 등 대한민국 필독서를 여럿 탄생시킨 작가, 박완서. 그녀가 한국문학계에 한 획을 그은 소설가라는 데에 이견을 제시할 사람은 없다. 그러나 상대적으로 덜 알려진 사실은, 그녀가 다수의 산문도 썼다는 것이다. ‘대작가’, ‘한국문학의 어머니’라는 칭호가 더없이 어울리는 작가 중 이렇게 많은 산문을 진솔하게 써내려간 사람이 또 있을까. 박완서가 우리 곁을 떠난 지 10년째 되는 해를 맞이하여 그녀의 산문 660여 편을 모두 꼼꼼히 살펴보고 그중 베스트 35편을 선별했다. 작품 선정에만 몇 개월이 걸린 이 책에는 박완서 에세이의 정수가 담겨 있다.",1,국내도서-에세이
25,9791190908634,92099619,좋은 사람에게만 좋은 사람이면 돼,"13,320원",740원,김재식,위즈덤하우스,"모두에게 좋은 사람일 순 없어. 지금은 나를 돌보는 시간, 내 마음대로 행복해지자. 국내 최대 사랑 커뮤니티 ‘사랑할 때 알아야 할 것들’의 운영자로 16년간 200만 팔로워의 뜨거운 공감을 얻은 김재식 작가. 이 책은 그의 다섯 번째 책이자 사람 사이 관계를 중점적으로 다룬 첫 책으로, 타인에게 좋은 사람이 되기 위해 애쓰기보다 스스로를 돌보는 일의 중요성을 이야기한다. 모든 사람에게 완벽하게 좋은 사람일 순 없다. 남한테 좋은 사람이 되려고 애쓰기보다 먼저 나의 소중함을 알고, 내 곁의 좋은 사람들에게만 좋은 사람이면 된다. 바쁜 일상에 치여 스스로를 돌보는 일을 등한시해온 나 자신에게, 내 곁을 지켜주는 소중한 사람들에게, 이 책을 선물해보면 어떨까.",1,국내도서-에세이
26,9788936438586,104130126,일기 日記,"12,600원",700원,황정은,창비,"우리가 손꼽아 기다려온 황정은의 첫 에세이집 일상의 기록으로 다다른 내일의 안녕 반짝이는 문장으로 담아낸 우리의 나날들 이름만으로 독자를 설레게 하는 작가, 지금 한국에서 가장 아름다운 문장을 쓰는 작가 황정은의 첫번째 에세이집이 출간되었다. 작가는 만해문학상 수상소감(2019년)에서 소설을 쓰기 위해 “메일 답신을 쓰는 데 사용하는 문장도 아껴야 한다”고 밝힌 바 있을 정도로 소설 이외의 글을 발표하는 일이 드물었다. 거기다 베일에 싸인 작가의 실제 생활을 조금이라도 볼 수 있다는 데서 이번 출간은 이미 공고한 황정은의 팬덤뿐만 아니라 수많은 독자들의 이목을 집중시키고 있다. 책에는 코로나19 거리두기 생활 속에도 피어나는 정원의 꽃들, 어린 조카가 그리고 간 낙서의 비밀을 탐구하는 작가의 모습 등 일상에서 길어 올린 에피소드부터 아동학대 사망사건, 목포항에서 본 세월호 등 사회에 질문을 던지는 두터운 상념까지 황정은의 마음 속 지도가 폭넓게 그려져 있다.",1,국내도서-에세이
27,9788991418318,101889131,걷는 독서,"20,700원","1,150원",박노해,느린걸음,"“단 한 줄로도 충분하다” 삶의 길잡이가 되어줄 박노해 시인의 문장 423편 나를 나아가게 하는 지혜와 영감의 책 『걷는 독서』 이제까지 없던 새로운 형식의 책. 박노해의 『걷는 독서』는 단 한 줄로 충분하다. “꽃은 달려가지 않는다” “자신감 갖기가 아닌 자신이 되기” “일을 사랑하지 말고 사랑이 일하게 하라” “패션은 사상이다” “악의 완성은 선의 얼굴을 갖는 것이다” “적은 소유로 기품 있게” 등 한 줄의 문장마다 한 권의 책이 응축된 듯한 423편의 글과 박노해 시인이 20여 년간 기록해온 세계의 숨은 빛을 담은 컬러사진이 어우러져 실렸다. 총 880쪽에 달하여 마치 경전이나 사전 같아 보이는 두께감, 한 손에 들어오는 크기와 하늘빛 천으로 감싼 만듦새는 작은 핸드백처럼 아름답다. 표지에 상징처럼 새겨진 ‘걷는 사람’의 고전적 이미지가 눈길을 끈다.",1,국내도서-에세이
28,9788901253060,103854954,너의 말이 좋아서 밑줄을 그었다 (리커버 에디션),"13,500원",750원,림태주,웅진지식하우스,"“나와 당신의 언어들이 우리 사이를 채웠으면 좋겠다” 진심을 담은 가장 단순한 삶의 문장들과 마음의 사이를 잇는 보통의 언어에 대하여 뜨겁지도 차갑지도 않은 적정한 온도로 배어드는 관계의 언어가 있다. 수십만 수백만 개의 말들 중 바로 그 언어가 우리 사이를 채운다. 시인은 말한다. 인생이란 결국 어떤 사람에게 선을 잇고 어떤 언어에 줄을 그을 것인가를 선택하는 일이라고. 세상의 많고 많은 말들 중에 내가 밑줄을 그은 말들이 나의 언어가 된다고. 그리고 끊임없이 묻는다. 당신이 어떤 언어를 사랑했는지, 어떤 환상을 좇았는지, 어떤 빛이 되고 싶어 했는지. 시인의 언어를 따라다가 보면, 나의 언어로 누군가의 어두운 마음을 어떻게 비출 수 있을지 헤아리게 된다. 그리고 깨닫게 된다. 상대의 말을 온 마음으로 들을 때 비로소 ‘우리’라는 관계가 피어난다는 사실을. 결국 이 책은 언어로 이룬 관계에 대한 에세이다.",1,국내도서-에세이
29,9791191114157,104494560,하프 브로크,"14,850원",820원,진저 개프니/허형은,복복서가,"미국 뉴멕시코의 광활한 자연을 배경으로 상처받은 동물과 인간이 어떻게 서로를 치유해가는가를 평생 말과 함께해온 여성의 시점에서 그려낸 감동적 실화 말 조련사인 저자 진저 개프니는 어느 날 대안교도소인 뉴멕시코의 한 목장으로부터 도움을 요청하는 전화를 받는다. 재소자들에 의해 자율적으로 운영되는 이 목장에 도착한 저자는 문제행동을 일삼는 말들을 목격하고 깜짝 놀란다. 쓰레기통을 뒤지고 사람을 공격하며 내키는 대로 목장을 휘젓는 말들...... 그녀는 거칠게 살아온 덩치 큰 남자 재소자들도 어찌하지 못하던 말들을 단번에 제압한다. “말은 자신의 주인을 닮는다.” 목장의 무법자 말들은 그곳 인간들의 내면을 거울처럼 비추고 있었다. 개프니는 차분히, 그러나 단호하게 말과 재소자들이 저마다의 문제행동을 고치도록 이끌고, 다시 세상의 일원으로 함께 살아갈 수 있도록 돕는다.",1,국내도서-에세이
30,9791130632506,95719593,마음이 흐르는 대로,"14,400원",800원,지나영,다산북스,"“정신없이 달려온 삶이 하루아침에 멈추었을 때 깨달았다. ‘마음이 흐르는 대로’ 후회 없이 살아가겠노라고.” 불치병을 안고 살아가는 마흔넷 정신과 교수가 전하는 자신만의 관점으로 단단하게 인생을 살아가는 법 “나는 소아정신과 의사로서 쉴 새 없이 바쁘게 살았다. 빠르게 달려가지 않으면 이 소중한 기회와 시간들이 모조리 낭비되어 사라질 것이라고 생각했다. 그 누구보다 열심히 일했고 내게 맡겨진 일은 빈틈없이 해내려고 노력했다. 2017년 5월 12일, 지나영이라는 고속열차가 큰 바위를 들이받은 듯 완전히 서버리기 전까지는.” 아버지가 외면했던 탄생의 순간부터 어린 시절 내내 겪어야 했던 가난 속에서도 그녀는 좌절하거나 우울해하지 않았다. 아니, 오히려 남들보다 더 크게 세상을 느끼고 더 담대히 도전해왔다. 그렇게 그녀는 미국에서 소위 잘나가는 정신과 의사이자 교수가 되었다. 바로 그 일이 있기 직전까지는.",1,국내도서-에세이
31,9791130641362,104107929,가난해지지 않는 마음,"13,320원",740원,양다솔,놀,"지금 당장 직업도, 먹고살 돈도 없지만 나는 시간이 지나도 이상하게도, 전혀 가난해지지 않는다. 어쩌면 나의 조상은 수렵채집인인지도 모른다. 오늘의 먹을거리와 머물 곳을 찾아다니며, 하루를 하나의 삶처럼 살아내던 이들. 나는 다음 날, 다음 해도 아닌 당장 오늘 하루를 잘 보내는 방법에 대해 알고 있었다. _본문 중에서 도시에서 살아가는 20대 여성의 기쁨과 슬픔을 담아내는 새로운 목소리가 등장했다. 놀에서 출간된 『가난해지지 않는 마음』은 결코 가난해질 수 없는 풍요로운 마음을 지닌 양다솔 작가의 희비극을 담은 첫 에세이다. 독립출판물을 전시하고 판매하는 언리미티드 에디션에서 여덟 시간 만에 완판 기록을 세운 뒤, 여러 독립서점 추천도서로 선정되고 10쇄 이상 팔린 독립출판물 『간지럼 태우기』 속 글과 구독 메일링 서비스 ‘격일간다솔’에 연재된 글까지, 작가가 10년에 걸쳐 쓴 글들을 갈무리했다.",1,국내도서-에세이
32,9788901254296,104986807,우리는 약속도 없이 사랑을 하고,"14,400원",800원,정현우,웅진지식하우스,"약속 없이 찾아온 슬픔을 앓는 이에게 건네는 따스한 온기! “움켜쥔 사랑을 잃고 자주 울컥하더라도 사람으로 온 우리가 할 수 있는 최선의 약속은 사랑이다” 『나는 천사에게 말을 배웠지』로 문단과 독자의 주목을 한 몸에 받은 시인, 정현우의 첫 번째 산문집이 드디어 출간되었다. 그는 이번 에세이에서 인간을 뭉클하게 하는 마음이 무엇인지 찾기 위해 과거의 시간으로 거슬러 올라갔다. 식물의 시간을 헤매는 아픈 아버지, 그 옆에서 억척스럽게 모든 슬픔을 감당하는 엄마, 세상을 떠난 할머니와 친구 수, 고양이 묘묘…. 사랑하는 모든 것이 자신보다 오래 살 수는 없고, 모든 사랑에는 유통 기한이 있기에 그는 쉬이 외롭고 슬퍼졌다. 상실이 계속되는 날들을 어떻게 견뎌야 하는지 물으며 그저 슬픔을 천천히 헤적일 뿐이다. 소년의 시선으로 써 내려간 사랑과 상실의 에세이는 때로는 한 편의 시처럼, 때로는 소설처럼 읽힌다.",1,국내도서-에세이
33,9788934980070,103323254,그러라 그래 (10만부 기념 한정판 에디션),"11,700원",650원,양희은,김영사,"10만 독자에게 사랑받은 양희은 에세이 한정판 리커버 에디션 출간! “그래? 그러라 그래~” 나에게 전하는 위로의 주문! ‘양희은의 목소리가 음성지원 된다’, ‘가볍게 열었다 깊은 위로를 받았다’, ‘엄마와 함께 읽고 싶은 책’이라는 평으로 10만 독자에게 사랑받은 가수 양희은의 에세이 『그러라 그래』 10만부 기념 한정판 리커버 에디션! 책 속 위로의 문장이 적힌 엽서와 저자 친필 캘리그래피가 담긴 스페셜 지면까지 만나볼 수 있다. “그러라 그래”, “그럴 수 있어” 어떤 근심도 툭 털어버리는 양희은의 말처럼, 이 책에는 쉽지 않은 인생을 정성껏 잘 살아보고 싶게 만드는 애틋한 응원이 담겨 있다. 좋아하는 걸 하고, 좋아하는 사람을 두고 나답게 살아가는 양희은의 인생 이야기를 전한다.",2,국내도서-에세이
34,9791191369175,103540919,나는 너의 불안이 길지 않았으면 좋겠어,"12,600원",700원,윤글,딥앤와이드,"""사랑과 사람으로부터 상처받은 사람에게“ 당신의 안온을 위한 에세이 『나는 너의 불안이 길지 않았으면 좋겠어』 불안함에 하루를 보내는 당신을 따스히 안아주는 윤글 작가의 첫 번째 에세이. 사람과 사람으로부터 지속적으로 상처를 받은 사람은 앞으로 다가 올 상처에 대한 막연한 두려움을 가지고 있다. 뿐만 아니라 삶에서 불행은 늘 찾아왔기 때문에 일말의 불안감은 우리의 일상에 자연스러운 감정으로 자리매김 하게 되었다. 이 불안을 이겨내기 위해서는 부지런한 노력이 필요하지만 때론 타인이 말해주는 말 한마디에 모든 불안이 눈 녹듯이 사라지기도 한다. SNS에서 수많은 독자들에게 위로를 주었던 윤글 작가는 자신이 겪은 사랑과 이별 이야기를 꺼내며 한층 더 성숙해지는 과정을 통해 우리에게 현실적인 위로를 던져준다. 저자가 겪은 이야기는 영화에서 나오는 이야기가 아닌 우리가 실제로 한 번쯤 겪어보았던 경험이라 더 많은 동질감과 공감을 느끼게끔 한다.",1,국내도서-에세이
35,9788954655972,71923011,여행의 이유,"12,150원",670원,김영하,문학동네,"작가 김영하가 처음 여행을 했던 순간부터 최근의 여행까지, 오랜 시간 여행을 하면서 느끼고 생각했던 것들을 아홉 가지의 이야기로 풀어낸 산문. 앉은 자리에서 모든 정보에 접속 가능한 현대에 이르러서도 오버투어리즘이라는 말이 생겨날 정도로 여행 인구는 전 세계적으로 계속 증가하고 있다. 그 이유는 무엇일까. 우리는 왜 멈추지 않고 끊임없이 여행을 하는가. 일상의 장소를 벗어나 생생하고 색다른 경험을 하길 바라는 마음, 여러 가지 일들로 번잡해진 머리를 비우고 먼 곳에서 홀로 휴식을 취하고픈 마음은 우리를 ‘여행하는 인간(호모 비아토르)’으로 만든다. 여행에 대한 작가 김영하만의 섬세한 시선과 지적인 위트가 담긴 『여행의 이유』는 페이지를 펼치는 순간, 호모 비아토르인 당신의 마음을 사로잡을 것이다.",1,국내도서-에세이
36,9791197638817,105162018,홍천기 포토에세이,"19,800원","1,100원",스튜디오S,너와숲,"때로는 악연(惡緣)과 인연(因緣)의 사이에서, 때로는 생(生)과 사(死)의 갈림길에서, 운명의 보이지 않는 붉은 실에 의해 다시 만나고 헤어지는 일을 반복하는… 두 연인의 운명적이고도 극적인 판타지 로맨스! 마음을 두드리는 명대사와 명장면, 심쿵 미공개 스틸컷까지 [홍천기]를 사랑해주신 모든 분들을 위한 소장각 도서, 『홍천기』 포토에세이! 신령한 힘을 가진 여 화공 홍천기와 하늘의 별자리를 읽는 붉은 눈의 남자 하람의 운명을 넘어선 판타지 로맨스를 그린 화제의 드라마 [홍천기]. 『해를 품은 달』 『성균관 스캔들』로 유명한 정은궐 작가의 동명 소설을 원작으로 한 판타지 로맨스 사극이다. ‘믿고 보는 사극 여신’ 김유정과 최근 여심을 저격하며 라이징 스타로 떠오른 안효섭이 캐스팅되며 제작 전부터 큰 화제를 모은 [홍천기]는 정예 멤버가 뭉친 만큼 안정적인 연기력은 물론 탄탄한 구성과 아름다운 영상미로 [홍천기]만의 ‘판타지 로맨스 사극’을 완성했다.",1,국내도서-에세이
37,9791167740021,103431290,행복의 지도,"16,200원",900원,에릭 와이너/김승욱,어크로스,"뉴욕타임스 기자와 NPR 해외통신원으로 활동하며 뉴델리, 예루살렘, 도쿄 등 30개국의 다양한 도시에서 뉴스를 전하던 작가 에릭 와이너. 그는 어느 날 자신이 불행한 나라들의 전쟁, 질병 같은 소식만 전하고 있다는 사실을 깨닫는다. 그래서 이제까지와는 반대로 아무도 소식을 전한 적이 없는, 세계에서 가장 행복한 나라의 정체를 밝혀보기로 결심한다. 어떤 나라가 행복한 나라일까? 세금이 없는 나라에서 산다면? 실패가 오히려 장려되는 나라에서 산다면? 지나치게 생각을 많이 하는 것을 달가워하지 않는 나라에서 산다면? 그렇다면 우리는 행복할까? 그곳에 사는 사람들은 정말로 행복을 느낄까? 그곳의 행복은 우리의 행복과 어떻게 같고 어떻게 다를까? 에릭 와이너는 이런 질문을 품고 우리가 행복의 필수 조건이라고 생각하는 돈, 즐거움, 영적 깊이, 가족 등을 완벽하게 갖추고 있다는 나라들을 다녀보기로 결심한다.",1,국내도서-인문
38,9791191401080,104493387,이제 그냥 즐기려고요,"13,950원",770원,김태균,몽스북,"“ 뭐 얼마나 잘 살아보려고 그렇게 악착같이 주먹 꽉 쥐고 이 악물고 살았는지 모르겠다.” 김태균 강박 탈출 에세이 『이제 그냥 즐기려고요』는 개그맨 김태균의 웃음 뒤, 숨어 있던 ‘사람 김태균’을 찾아가는 여정과도 같다. 아들이자 남편, 아빠이자 이웃인 김태균 삶에는 생각지 못했던 감동과 진지함이 가득하다. 심리학 용어 중에 ‘참 자기(True Self)’와 ‘거짓 자기(False Self)’라는 것이 있다. 일반적으로 ‘참 자기’란 기질적으로 타고난 그대로의 모습을, ‘거짓 자기’란 다른 사람들에게 보이고 싶어하는 나의 모습을 의미한다. 당연하게도 참 자기와 거짓 자기가 같은 사람은 없다. 두 가지 사이의 간극이 큰 사람과 작은 사람이 존재할 뿐이다. ‘개그맨’ 김태균은 한때 참 자기와 거짓 자기 사이의 간극이 꽤나 컸던 사람이었는지 모르겠다.",1,국내도서-에세이
39,9788901254289,104984400,사라지고 있지만 사랑하고 있습니다,"14,400원",800원,장기중,웅진지식하우스,"2,000여 치매 환자를 돌본 정신과 의사가 만난 삶과 죽음 따뜻한 시선으로 포착한 인생의 의미 우리는 어떤 존재일까? 어떻게 살아야 할까? 인간성을 상실하는 병, 치매는 우리에게 이런 질문을 던진다. 인지 능력, 운동 능력, 언어 능력, 일생 동안 쌓아올린 지위, 존경, 사랑…. 이 모든 것을 상실할 때 삶은 어떻게 계속되는가? 『사라지고 있지만 사랑하고 있습니다』는 치매 환자를 돌보는 정신과 의사 장기중의 첫 번째 에세이다. 삶과 죽음의 경계에서 완치 없는 질병을 다루는 저자는 질병과 함께 사회적 죽음을 맞이하는 환자들의 현실에 안타까움을 느끼고, 자신이 돌보는 환자들의 세계를 세상과 연결하고 싶어 글을 쓰기 시작한다. 치매 환자는 배우자가 외도를 한다거나 가족이 돈을 훔쳐 간다고 의심하고, 먼 길을 배회하다가 길을 잃고, 느닷없이 화를 내는 등 이해할 수 없는 행동으로 고립되고, 인지 기능이 점점 쇠퇴하여 자기 자신이 흔들리는 경험을 한다.",1,국내도서-에세이
40,9791197080883,104644271,나쁜 기억 지우개,"13,950원",770원,이정현,떠오름,"시간이 흘러도 흐려지지 않는 지난 기억을 다루고 돌보는 방법 따뜻한 시선으로 일상을 기록하는 저자가 삶, 사람, 사랑을 대하면서 깨달은 것들을 한 권의 책에 담담하게 담아냈다. “지나간 나쁜 기억들은, 오늘의 내가 행복에 닿기 위한 가장 확실한 힌트가 되어준다”라는 저자의 말처럼, 저마다의 상실과 실패에 버거운 기억을 지닌 이들에게 따스한 위로를 건네준다. 시간이 지나면 ‘나쁜 기억’도 점차 사라지는 것처럼 누구나 가볍게 읽을 수 있지만 절대로 가볍지 않은 묵직한 감동과 위로를 얻을 수 있다.",1,국내도서-에세이
41,9788936811532,90384709,빅터 프랭클의 죽음의 수용소에서,"11,700원",650원,빅터 프랭클/이시형,청아출판사,"20세기를 대표하는 사상가이자 정신 의학자인 빅터 프랭클의 자전적인 에세이. 나치 강제 수용소에서 겪은 참혹한 고통을 건조하고 담담한 시선으로 술회한다. 그리고 자신의 이러한 경험을 분석해 정신 치료 기법인 로고테라피를 정립하고, 이 기법을 통해 인간이 어떻게 고난을 극복하고 삶을 살아가야 하는지 방향을 제시한다. 인간다움이란 무엇인가, 삶의 의미란 무엇인가에 대해 심리학적으로 접근하며 읽는 이에게 깊은 감동을 전한다.",1,국내도서-인문
42,9791195522149,103318990,마음의 주인,"12,600원",700원,이기주,말글터,"『언어의 온도』와 『말의 품격』 등으로 250만 독자의 마음을 두드린 이기주 작가의 신작 산문집! ‘도대체 마음은 어디에 있는가? 인간의 마음은 왜 흔들리는가? ’ 누구나 이런 질문에 휩싸인 적이 있을 것이다. 하지만 마음이 어떻게 작용하는지, 마음에서 어떤 일이 벌어지는지 명확하게 설명할 수 있는 사람은 없다. 더욱이 사람 마음엔 본인만 아는 강이 흐르기 마련이다. 마음이라는 강물 위로 선하고 악하고 추하고 아름다운 감정들이 뚜렷한 규칙 없이 시시때때로 떠오른다. 삶의 풍랑에 떠밀려 정처 없이 부유하는 감정들이 어떤 이유로 생겨나서 어디로 흘러가고 또 언제 소멸하는지 우린 감히 짐작할 수 없다. 다만 잘 모른다는 이유로 마음을 느끼고 누리는 일을 미루거나 포기해선 안 된다. 마음을 외면하면, 마음과 자연스레 멀어지게 된다. 자칫 마음을 잃어버릴 수도 있다.",1,국내도서-에세이
43,9791190382519,104802380,하루를 물들이는 수채화 일력,"18,000원","1,000원",오리여인,수오서재,"곁에서 매일의 위로가 되어줄 오리여인의 수채화 일력 많은 이들의 마음을 포근하게 감싸주었던 『나에게 시간을 주기로 했다』의 오리여인이 매일의 위로가 되어줄 수채화 일력으로 우리를 찾아왔다. 『하루를 물들이는 수채화 일력』은 작가가 직접 물감으로 그린 수채화로 채웠다. 봄, 여름, 가을, 겨울, 각 계절이 아름답게 펼쳐진 그림들은 가만히 보는 것만으로 큰 위로가 된다. 거기에 삶 곳곳에서 응원과 용기와 쉼이 되어줄 문장을 더했다. 힘든 하루를 보낸 사람에게, 막막한 내일을 앞둔 이들에게, 당신이 어떤 시간을 지나고 있든 당신에게 위로가 필요한 순간 곁에서 마음을 건넨다.",1,국내도서-에세이
44,9791191187427,105031245,카레 : 카레 만드는 사람입니다,"10,080원",560원,김민지,세미콜론,"“처음 이 책에 대한 소식을 들었을 때는 웃음이 절로 나왔다. ‘비비 카레’로 무슨 책까지 내지? 하지만 끝까지 읽어보고 생각이 완전히 바뀌었다.” - 엑소(EXO) 세훈 추천! 성북동 핫플레이스 카레집 사장님의 단 카레로 승부를 본 창의적 인생 배팅 스토리 부쩍 추워진 날씨 따라 식탁 위에도, 버석해진 마음에도 훈기가 절실하다. 열세 번째로 선보이는 띵 시리즈 『카레 : 카레 만드는 사람입니다』는 김이 모락모락 나는 카레 한 그릇을 앞에 둔 설렘을 고스란히 안겨준다. 지금 대한민국에서 가장 인기 있는 카레 가게를 운영 중인 김민지의 첫 에세이다. ‘카레’라는 음식에 대해 지금 누구보다 할 말이 많을 사람. 자신의 모든 것을 걸고 격주마다 새롭게 만드는 향신료 카레를 통해 오픈 이후 약 4년간 카레 하나만으로 승부해온 그녀.",2,국내도서-에세이
45,9788956605418,5531156,월든,"11,700원",650원,헨리 데이비드 소로우,은행나무,"19세기 미국의 위대한 저술가이자 사상가인 헨리 데이빗 소로우의 대표작이다. 소로우는 하버드 대학을 졸업했으나 안정된 직업을 갖지 않고 측량 일이나 목수 일 같은 정직한 육체노동으로 생계를 유지하는 것을 선호했다. 이 책은 1845년 월든 호숫가의 숲 속에 들어가 통나무집을 짓고 밭을 일구면서 소박하고 자급자족하는 생활을 2년간에 걸쳐 시도한 산물이다. 대자연의 예찬인 동시에 문명사회에 대한 통렬한 비판이며, 그 어떤 것에 의해서도 구속받지 않으려는 한 자주적 인간의 독립 선언문이기도 하다.",1,국내도서-에세이
46,9791191583793,102117049,지구인만큼 지구를 사랑할 순 없어,"15,120원",840원,정세랑,위즈덤하우스,"친구의 도시를 걸으며 정세랑이 만난 이야기보다 더 이야기 같았던 순간들 덧없이 사라진다 해도 완벽하게 근사한 순간들에 대하여 모두가 손꼽아 기다려온 책, 이 시대 가장 사랑받는 작가 정세랑의 첫 번째 에세이 『지구인만큼 지구를 사랑할 순 없어』가 우리 앞에 도착했다. 정세랑 작가는 여행을 싫어하기로 유명하다. 그런데 어쩌다 보니 친구가 너무 보고 싶어서 뉴욕까지 날아가고, 이벤트에 당첨되어 런던에도 가고, 남자친구의 유학을 따라 독일에도 가게 되었다. 그렇게 쓰기 시작한 여행기가 어쩌다가 9년 동안 계속되었고, 누구나 여행을 그리워하게 된 이때에 마침내 한 권의 책으로 완성되었다. 덕분에 시간이 크레이프 케이크처럼 쌓여 마치 시간여행을 하는 듯 묘한 여행기가 탄생했다. 이 책에는 정세랑의 소설들이, 정세랑이라는 작가가 어떻게 탄생하고 만들어졌는지 ‘정세랑 월드’의 모든 비밀이 고스란히 담겨 있다.",1,국내도서-에세이
47,9791160944426,69747499,100 인생 그림책,"18,000원","1,000원",하이케 팔러/김서정/발레리오 비달리,사계절,"마음속에 스며드는 삶의 순간들 100장면으로 보는 인생의 맛 태어나 처음 웃은 순간부터 우리는 계속 살아간다. 이 책은 그런 인생을 아주 보편적이면서도 구체적으로 보여준다. 0세부터 100세까지. 종이 한 장을 넘길 때마다 삶의 시간은 계속 흘러가고, 어느 순간엔 믿을 수 없는 일이 일어나기도 한다. 사랑에 빠지거나, 혹은 커피가 좋아지는 그런 일 말이다. 평범한 것 같다가도 예기치 못한 순간을 만나게 되는 것, 인생의 그런 흐름을 담았다. 그렇게 살아가는 날들 속에, 우리는 많은 것들을 맛보고 느끼며 배우게 될 것이다. 어릴 때는 학교에 가기 위해 일찍 일어나는 법을 배웠다면. 20대에는 사랑을, 30대에는 행복이 상대적이라는 것을, 그리고 40대에는 누군가를 떠나보낸다는 것이 무엇인지를 알게 된다. 나이가 들어도 새로운 일은 계속된다.",1,국내도서-에세이
48,9791165213497,95802077,우리는 조구만 존재야,"12,150원",670원,조구만 스튜디오,더퀘스트,"“12월을 기다리고 있어.” 마음만은 따스한 겨울을 꿈꾸는 ‘우리는 조구만 존재야’ 이 세상의 모든 조구마한 것들에 보내는 따뜻한 찬사! 삐뚤빼뚤 귀여운 그림과 줏대 있는 메시지로 수만 팔로워와 소통하는 조구만 스튜디오의 첫 번째 에세이 『우리는 조구만 존재야』. 300만 년이라는 긴 시간 동안 지구 가장자리에서 적당히 살고 있는 공룡 브라키오사우루스 캐릭터를 통해 자신에 대해, 관계에 대해, 그리고 인생 전반에 대해 조구만 스튜디오가 이제껏 그 어디에도 공개하지 않았던 내밀한 이야기가 만화, 에세이, 질문의 형태로 제시된다. 킥킥대면서 읽을 수 있는 만화들과 짐짓 생각해보게 하는 에피소드들이 읽는 사람들의 마음을 겨우내 따스하게 감싸 안을 것이다.",1,국내도서-에세이
49,9791188469871,104245931,취향의 기쁨,"12,600원",700원,권예슬,필름,"나는 ______조차 취향이라 부르기로 했다 내 안의 무해한 존재들에게 ‘취향’이라 이름 붙이는 순간들을 기록했다. ‘까무룩’이라는 단어, 오전 9시 40분 동작대교를 지나는 열차 안, 채소에서만 느낄 수 있는 특유의 달콤함, 단발머리를 흔들 때 목 끝에 닿는 머리칼과 바람의 느낌, 어릴 때 친구들과 주고받은 쪽지들. 이런 반짝이는 것들을 갖고 있으면서도 취향이라 이름 붙여도 되는지 몰랐고, 그것들을 드러내는 방법에도 어리숙했던 과거들을 솔직하게 고백한다. 항상 선택 앞에 흔들리는 보통의 우리들을 위해 쓴 책이다.",1,국내도서-에세이
50,9791162143766,105117656,모두를 이해하지 않아도 다 껴안을 필요도,"13,950원",770원,달밑,부크럼,"오랫동안 기다려 온 작가, 달밑의 첫 에세이 출간. “남에게는 나쁘지 않은 사람 정도면 충분해 우선 나 자신에게 좋은 사람이 되자“ “애써 곱고 좋은 감정만 나누려는 고집을 내려놓을 때 당신은 이전보다 더 아름다워요.” 『모두를 이해하지 않아도, 다 껴안을 필요도』 “어쩜 제 심정을 그대로 적어 올리는 것 같아요.”, “늘 따스한 마음을 예쁘게 표현해 주세요.”, “저에게도, 제 옆 사람에게도 꼭 전하고 싶은 말이에요.” 10만 독자의 사랑과 공감을 사며 탄탄한 팬층을 이룬 작가, 달밑. 오랜 연재 끝에 첫 에세이를 출간한다. 때로 우리는 너무 많은 것을 포용하기 위해 애쓴다. 내가 이해할 수 없는 생각, 내가 좋아할 수 없는 사람, 내가 닮고 싶지 않은 행동과 감정 등, 외부의 부정적인 것들을 향해 ‘싫다’고 표현하는 것을 꺼려하고, 때로는 내 안에 그런 부정적인 감정이 있음에 힘겨워 하기도 한다.",1,국내도서-에세이
51,9788968333255,102836094,나라는 식물을 키워보기로 했다,"13,500원",750원,김은주/워리 라인스,허밍버드,"유해한 것들에 둘러싸인 일상 속에서도 유일하기에 가장 아름다운 ‘나’라는 식물을 가꿀 수 있다 아시아, 유럽 12개국 독자가 사랑한 [1cm 시리즈] 김은주 작가와 세계적인 일러스트 작가 워리 라인스가 제안하는 ‘셀프가드닝’ 프로젝트 끝날 기미가 보이지 않는 코로나 사태, 창밖 미세먼지와 눈에 먼지 같은 사람, 나를 알거나 잘 모르는 사람이 건네는 뾰족한 말, 예상치 못한 실수로 나 자신에 대한 자책과 실망이 반복되는 나날들. 이럴 때일수록 필요한 것은 힘든 나를 모른 척하고 내버려두는 것이 아니라 식물을 돌보고 가꾸듯 진심으로 나를 들여다보고 돌보는 일이다. 유해한 것들에 둘러싸인 일상 속에서 인생의 커다란 결심 대신, 매일매일 나를 가꾸는 ‘셀프가드닝(Self Gardening)’을 시작하자.",1,국내도서-에세이
52,9791195522125,30387696,언어의 온도,"12,420원",690원,이기주,말글터,"언어에는 나름의 온도가 있다고 생각하는 저자가 일상에서 발견한 의미 있는 말과 글을 한 권의 책에 담았다. 저자는 단어의 어원과 유래, 그런 언어가 지닌 차가움과 따뜻함을 글감 삼아, 하찮아 보이는 것들의 소중함을 예찬한다. 페이지를 넘길 때마다 문장과 문장에 호흡을 불어넣으며 뜨거운 음식을 먹듯 찬찬히 곱씹어 읽다 보면, 독자 스스로 각자의 ‘언어 온도’를 되짚어볼 수 있을지 모른다.",1,국내도서-에세이
53,9788986022469,105294444,사랑한다고 말할 용기,"13,320원",740원,황선우,책읽는수요일,"일과 건강한 관계 맺기가 어려운 시대, ‘목숨 건다’와 ‘때려치운다’의 사이, 그 어딘가에 나 자신을 지키며 잘 설 수 있는 방법은 없을까? 『여자 둘이 살고 있습니다』『멋있으면 다 언니』 황선우 작가 신작 에세이! 20년이라는 오랜 시간 잡지 에디터로 일하며 누구보다 일하는 사람들을 많이 만나고 그들의 이야기를 길어 올려온 황선우 작가의 일을 마주하는 마음과 태도, 그리고 그로 인해 단단해지고 넓어지는 삶에 관한 에세이. “오늘도 일을 하며 배운다. 일 자체를 배우며, 일 바깥세상의 흐름도 알게 된다. 나를 견디고 다루는 법을 익히는 한편으로 다른 이들을 존중하는 법을 배운다. 동료들과 부딪치고 협력하는 동안 내 안에만 고여 있지 않고 변화한다. 일하는 사람으로 살기에 조금씩 나아질 기회를 얻는다고 나는 믿는다.",1,국내도서-에세이
54,9791185473925,104804187,에코 미니멀 살림 연습,"14,850원",820원,양순아,레시피팩토리(단행),"쇼핑을 즐기고 아무것도 버리지 못했던 극강의 맥시멀리스트가 미니멀 + 제로 웨이스트 라이프를 만나 에코 미니멀 살림꾼이 되기까지! 첫 시작은 옷 때문이었다. 많은데 입을 게 없었다. 옷장 앞에서 시간 끌며 툴툴대던 저자에게 남편은 안 입는 옷들을 좀 버리면 어떠냐고 했다. 입던 안 입던 멀쩡한 옷을 버리면 큰일 나는 줄 알았다. 언젠가 입을 수도 있지 않은가! 하지만 눈 딱 감고 과감하게 ‘비움과 정리’을 했다. 그랬더니 신기한 일이 일어났다. 옷 고르는 시간이 확 줄었고, 오히려 입을 옷이 많아진 것 같았다. 잘 몰랐던 내 취향도 알게 되었고, 무엇보다 옷장 안에 생긴 여백으로 마음까지 한결 여유로워졌다. 이렇게 출발한 ‘비움과 정리’는 옷장에서 주방으로, 거실과 방으로, 욕실로 이어졌다. 매일 치워도 어지럽기만 했던 공간들이 하나둘 달라졌다. 집은 심플하고 단정하게 변해갔다. 설레는 경험이었다. 그런데 더 미니멀해지기 위해서는 더 많은 물건들을 버려야 했다.",1,국내도서-가정 살림
55,9791197634109,104988871,새 마음으로,"13,500원",750원,이슬아,헤엄,"‘당신은 어떻게 그렇게 헌 마음도 빈 마음도 아닌 새 마음으로 오랫동안 일했나’ 작가이자 인터뷰어인 이슬아가 좋아하는 이웃 어른들을 만난다. 오랫동안 한 가지 일을 해온 어른들로부터 잘 알려지지 않은 직업 현장에 자세히 듣는다. 응급실 청소 노동자, 아파트 계단 청소 노동자, 농업인, 인쇄소 기장, 경리, 수선집 사장님과의 긴 대화가 수록되어있다. 자꾸 새 마음을 먹어가며 계속 사는 일에 관한 이야기다. 2020년, 2021년에 걸쳐 일간 이슬아에 연재된 인터뷰 원고를 다듬어서 실었다.",1,국내도서-에세이
56,9791167820426,105030902,운명은 아직 결정되지 않았다,"13,950원",770원,오왕근,상상출판,"[놀면 뭐하니?] [엄지의 제왕] [강호동의 밥심] 화제의 인물! 수많은 인생을 바꾼 20년 차 법사 오왕근이 전하는 응원 메시지 삶의 위기 속에 있는 당신에게, 오왕근 법사가 운명을 바꾸는 마음 처방전을 선물한다. 누구나 행복하게 잘 살기를 꿈꾸지만 살아간다는 것은 결코 쉬운 일이 아니다. 계획했던 일이 수포가 되기도 하고 일과 사람에 치여 상처받기도 한다. 위기가 닥치면 ‘내 팔자가 그렇지 뭐’ 하고 넘기기 십상이다. 그러나 운이 없다고 해서 아무 노력도 하지 않고 가만히 있는 것이 과연 해결책이 될까? 20년 동안 수많은 사람의 운명을 감정해 온 저자 오왕근은 그럴 때일수록 사주팔자에 갇히지 말고 운명을 바꾸라고 말한다. 완벽한 사주와 시련 없는 운명은 존재하지 않기 때문에 노력만 한다면 충분히 바꿀 수 있는 것이 ‘운명’이라고 확언한다. 이 책은 저자가 직접 겪은 경험과 성패를 넘나든 사연을 가진 상담 사례를 바탕으로 전개된다.",1,국내도서-에세이
57,9788997381678,89898969,소년과 두더지와 여우와 말,"16,200원",900원,이진경/찰리 맥커시,상상의힘,"『소년과 두더지와 여우와 말』의 지은이 찰리 맥커시(Charlie Mackesy)는 일러스트레이터로, 영국의 주간지 『스펙테이터』에 그림을 그리고, 옥스퍼드대학 출판부의 표지 디자이너로 일하고 있었다. 그러면서 일상에서 삶이란 무엇인지, 삶에서 정말 중요한 것은 무엇인지를 거듭 생각하며 친구들과 대화를 나누고는 했다. 그리고 그 대화를 글과 그림으로 표현하고는 했다. 어느 날 그는 친구와 함께 ‘용기란 도대체 무엇인지’에 관해, ‘그동안 했던 가장 용감한 일은 무엇이었는지’에 관해 이야기를 나누었다. 그러면서 가장 힘들었던 시기에 누군가에게 도움을 청했던 것이야말로 자신에게는 가장 용기 있는 일이었음을 깨달았다. 그래서 그 내용을 그림으로 그렸다. 이 책은 글과 그림의 조화가 아름다운 그림책이기도 하고 이야기책이기도 하다. 새 시대를 열어갈 세대를 위한 삶의 지침을 담고 있는 철학책으로 분류되기도 하고, 그래픽노블로 분류되기도 한다.",1,국내도서-에세이
58,9791190786355,90322846,보통의 언어들,"13,050원",720원,김이나,위즈덤하우스,"대한민국 대표 작사가 김이나가 일상의 언어들에서 포착한 마음의 풍경 매 순간 결핍과 고독감에 흔들리는 ‘보통의 우리들’을 위한 책 이번 책 『보통의 언어들』은 김이나 작가가 그간 대중과 긴밀히 소통해온 경험을 살려 우리가 삶에서 맞부딪히는 복잡한 감정과 관계의 고민에 대한 해법을 일상의 단어 속에서 탐색한다. 그녀는 작사가로서의 예민한 안테나를 살려 우리가 자주 표현하는 감정의 단어들을 수집하고, 그 단어들이 다 품어내지 못한 마음의 풍경을 섬세하게 포착했다. 평범한 단어들 속에 깃들인 특별한 가치를 찾고 삶의 지향점을 풀어가는 김이나의 글은 쳇바퀴 같은 생활이 얼마나 소중한 것인지, 그 안에서 우리는 어떻게 확장된 인생의 의미를 발견할 수 있는지 보여준다.",2,국내도서-에세이
59,9791187875123,101408009,뜨겁게 나를 응원한다,"17,100원",950원,조성희,생각지도,"‘마음근육 강화 100일 프로젝트’ 『뜨겁게 나를 응원한다』 고급양장 개정판으로 재탄생하다! “지금까지 이 책을 6번째 필사하고 있어요.” “제가 직접 변화를 느끼면서 가족, 지인들에게 선물했는데 어림잡아 40권 이상 돼요.” “친정엄마, 남동생과 같이 필사를 하는데 엄마의 책을 보면 너무 감동스러워 눈물이 나요.” 하루에 딱 10분이다. 매일 10분 필사를 통해 자신을 직접 마주하는 시간을 가진 이들은 그 시간이 삶을 얼마나 바꿀 수 있는지를 경험하며 놀라워했다. 그러면서 가족과 친구, 지인들에게 적극 권하게 되었고, 『뜨겁게 나를 응원한다』는 지난 5년 동안 베스트셀러를 넘어 스테디셀러로 자리매김하게 되었다. 이번에 고급양장 개정판으로 새로 출간된 『뜨겁게 나를 응원한다』는 간절하게 자신의 인생을 바꾸고 싶어 하는 이들을 위해 기획한 ‘마인드파워 스페셜리스트 조성희의 응원 시리즈’의 첫 번째 책이다.",1,국내도서-자기계발
60,9788925579276,104664713,"엄마, 죽지 마","14,220원",790원,박광수,알에이치코리아(RHK),"『광수생각』의 박광수 작가가 전하는 우리 모두의 어머니를 향한 연서(戀書) 누구나의 가슴에 남아 있는 어머니에 대한 사랑과 애틋함을 그려내다 누구나에게 가장 가깝고 소중하지만, 또 너무 익숙하고 한결같아서 무심해지는 대상. 그럼에도 내가 어떤 일을 하건, 어떤 상황에 놓이건, 잘하건 잘못하건 언제나 내 편이 되어주는 무조건적인 사랑의 존재, 어머니. 지금껏 수많은 작가들이 어머니를 추억하고, 절절한 사모곡을 읊어왔다. 얼마나 많은 이들이 어머니의 가없는 사랑과 살아계실 적 못다 전한 마음을 노래해왔는가. 그건 모두 각자 다른 생이지만 내면을 들여다보면 어쩐지 하나로 통하는 우리들 어머니의 인생이 누구나의 마음을 다정하고 세심하게 어루만져주기 때문은 아닐까. 『광수생각』으로 수십만 독자들의 마음에 깊은 울림을 주었던 박광수 작가도 신작 『엄마, 죽지 마』를 통해 누구나의 가슴에 남아 있는 그런 어머니에 대한 사랑과 그리움을 그만의 감성으로 담아냈다.",1,국내도서-에세이
61,9791197634116,104988820,창작과 농담,"14,400원",800원,이슬아,헤엄,"‘당신은 어떻게 그렇게 멋지고 슬프고 좋은 것을 농담하며 만들었나’ 작가이자 인터뷰어인 이슬아가 흠모하는 예술가들을 만난다. 창작에는 어떤 기쁨과 슬픔이 있는지, 직업으로서의 창작자는 어떤 생활을 하는지, 탁월함을 추구한다는 게 무엇인지, 어떻게 성공하거나 실패하며 무언가를 계속 만들고 있는지에 관해 이야기 나눈다. 밴드 새소년의 황소윤, 유부녀 레즈비언 김규진, 뮤지션 장기하, 배우 강말금, 영화 감독 김초희, 밴드 혁오의 오혁. 여섯 명의 쟁쟁한 아티스트들과의의 긴 대화를 담았다. 2020년, 2021년에 걸쳐 일간 이슬아에 연재된 인터뷰 원고를 다듬은 책이다.",1,국내도서-에세이
62,9791191043372,103302924,아무것도 모른 채 어른이 되었다,"12,600원",700원,을냥이,스튜디오오드리,"“어른은 완벽해지는 게 아니라 익숙해지는 거야.” 다짜고짜 어른이란 비행기에 태워져 속앓이하는 초보 어른들에게 『이유가 많으니 그냥이라고 할 수밖에』 을냥이 작가의 따뜻한 위로 페이스북 100만이 열광한 『을의 연애』, SNS 입소문으로 베스트셀러에 오른 『이유가 많으니 그냥이라고 할 수밖에』의 을냥이 작가가 어른이란 외피를 쓰고 살아가는 모든 세대가 공감할 수밖에 없는 주제를 들고 돌아왔다. 『아무것도 모른 채 어른이 되었다』는 “다 커버린 몸과 나이를 가졌지만 속에는 어린아이가 남아 있는 어른들을 위한 글”이라는 저자의 말처럼 아직도 여리고 순수한 아이 같은데, 냉혹한 어른의 세상에 들어와 능숙한 어른인 척 살아가는 모든 어른에게, 그렇게 아무렇지 않은 척하느라 속은 상처 입고 무너져내린 어른들에게 보내는 찬가다.",1,국내도서-에세이
63,9791158512309,104846319,오늘은 더 좋은 날이 될 거예요,"15,120원",840원,김재식,토네이도,"1,000만 독자가 공감한 김재식 작가의 응원 메시지! 하루에 한 장씩, 넘길 때마다 좋은 날을 만들어 주는 만년 일력 유독 하루가 길게 느껴지는 날이 있다. 그렇게 마음이 지치고 답답할 때 누군가 건넨 위로의 한마디가 큰 힘이 되어 준다. 이 책은 『좋은 사람에게만 좋은 사람이면 돼』, 『단 하루도 너를 사랑하지 않은 날이 없다』 등 수많은 베스트셀러로 독자들에게 사랑을 받아 온 김재식 작가의 글 365개를 사랑스러운 일러스트와 함께 엮은 일력이다. 스탠드형에 스프링 제본으로 구성되어 있어 1월 1일부터 12월 31일까지 1년간 눈에 잘 보이는 곳에 두고 매일 한 줄씩 좋은 글을 읽어 나갈 수 있다. 또한 년도나 요일이 따로 기록되어 있지 않아 해가 바뀌어도 계속 다시 사용할 수 있으며 고급스러운 케이스로 포장되어 있어 신년에 선물하기 좋은 책이다. 소중한 사람에게 그리고 나 자신에게 하루하루 행복의 시간을 선물하고 싶은 사람들에게 꼭 필요한 책.",1,국내도서-에세이
64,9791165217501,104802670,2022 조구만 일력,"25,200원","1,400원",조구만 스튜디오,더퀘스트,"브라키오 & 공룡 친구들과 함께하는 조구만 스튜디오의 2022년 일력! 우리의 조구만 날들을 하루하루 잘 꿰고 있나요? 귀여운 그림체, 그러나 마냥 귀엽지만은 않은 메시지로 사랑받고 있는 조구만 스튜디오가 만든 최초의 일력이 출간됐습니다. 2022년의 동반자가 될 일력을 위해 365개의 그림을 그리고, 365개의 글을 적었지요. 일력 속에 사실 대단한 메시지는 없어요. 다만 보통의 하루 속에 ‘피식’ 하고 웃기거나 쉬어갈 수 있는 순간들이 있을 뿐이죠. 특별하거나 엄청나진 않지만 소소한 재미, 즐거움, 슬픔, 우울, 화까지 다채로운 감정들을 그림과 글, 그리고 사진(매달 말일은 포토데이~!)으로 담았습니다. 자, 그럼 조구만 존재들과 함께 2022년을 준비해볼까요?",2,국내도서-에세이
65,9791195026128,9437871,삶으로 다시 떠오르기,"16,200원",900원,에크하르트 톨레/류시화,연금술사,"자유 영혼을 위한 톨레와의 대화 새로운 영적 교사 에크하르트 톨레의 최신작이며 대표작 중 하나인 이 책은 2008년에 [NOW]라는 제목으로 출간되었다가 역자 류시화 전면 재번역을 해 [삶으로 다시 떠오르기]라는 새 제목으로 다시 출간하게 되었다. ‘자신의 행복에 스스로 책임을 지라.’고 이 책은 말한다. 자신의 의식 상태에 책임을 지지 않는 것은 삶에 책임을 지지 않는 것이다. 평화는 소음도 없고, 문제도 어려운 일도 없는 장소에 있는 것을 의미하지 않는다. 평화는 그런 것들의 한가운데 있으면서도 여전히 마음이 고요한 상태에 머물러 있음을 의미한다.",1,국내도서-에세이
66,9791196654795,89897814,내일은 내일의 해가 뜨겠지만 오늘 밤은 어떡하나요,"9,810원",540원,연정,발코니,"“나의 결핍이 누군가에게는 사랑을 시작할 계기가 된다.” 우리는 누구나 숨기고픈 삶의 장면들을 가지고 있다. 그 장면을 드러냈을 때, 누군가는 남고 누군가는 떠난다. 이 책 『내일은 내일의 해가 뜨겠지만 오늘 밤은 어떡하나요』는 남은 사람들의 사랑으로 채워진 흔적이다. 부족하고 결핍됐다고 생각했던 지점이 오히려 짙은 사랑을 불러왔다. 흩어져 있던 그 시간들을 연정 작가만의 언어로 한 글자씩 여몄다. 지난해 봄, 독립출판물로 먼저 태어나 많은 독자의 사랑을 받았던 이 책은 네 번의 계절을 돌아 또 다른 봄에 이렇게 닿았다. 내일의 해가 뜨기 전까지 오늘 밤은, 이 책이 당신의 곁에서 위로가 될 수 있을 거라 조심스러운 확신을 보낸다.",1,국내도서-에세이
67,9791191043235,99011259,너에게 하고 싶은 말,"13,500원",750원,김수민/히조,스튜디오오드리,"우리 모두가 사랑한 바로 그 책! 2015년 감성에세이 트렌드의 시작을 알리며 등장해 50만 독자의 사랑을 받은『너에게 하고 싶은 말』 2021년 감성의 새로운 일러스트와 양장본으로 재탄생! 이번에 출간된 『너에게 하고 싶은 말』개정판은 2015년 첫 출간 이후 50만 부 이상 판매된 베스트셀러로, 수많은 독자에게 오랫동안 뜨겁게 사랑받으며 감성에세이라는 새로운 분야의 시작을 알렸다. 그런『너에게 하고 싶은 말』이 새로운 일러스트와 양장본으로 단장해 다시 독자를 찾았다. 『너에게 하고 싶은 말』에서 저자는 사랑, 우정, 인간관계, 꿈, 일 등 우리 삶에서 가장 중요한 주제를 아우르며 때로는 따뜻하고 때로는 단단한 말들을 독자에게 건넨다. 무너지고 있을 때, 흔들리고 있을 때, 상처받고 있을 때, 의지하고 싶을 때 내가 듣고 싶었던 바로 그 말들만 모아둔 이 책을 펼친다면, 책 한 권으로 인해 얻으리라 상상하지 못했던 휴식과 위로를 얻게 될 것이다.",1,국내도서-에세이
68,9791186602645,103028898,슬픈 세상의 기쁜 말,"14,400원",800원,정혜윤,위고,"“나는 다른 것은 몰라도 인간이 인간일 때 얼마나 우아할 수 있는지는 알고 있다. 그래서 인간이 지금과 다르게 존재하는 것이 얼마든지 가능하다는 것을 말하고 싶었다.” 남도 외딴 항구의 어부, 뒤늦게 글자를 깨우친 할머니, 시장 야채장수 언니, 9·11테러 생존자, 콜럼바인 총기 사건 희생자… 인간의 기억 속에 영원히 좋은 것으로 남을, 조용히 빛을 발하는 사람들의 이야기 2021년 여름은 우리에게 침묵으로 기억될 것이다. 코로나와 폭염, 우울과 슬픔 속에서 매 순간 서로 간의 거리를 확인해가며 저마다 자신의 세계에 갇혀 있다. 정혜윤 작가의 신작 『슬픈 세상의 기쁜 말』은 이런 침묵을 이겨낼 이야기에 관한 책이다. ‘당신을 살아 있게 하는 말은 무엇입니까’라는 부제가 말해주듯이, 저마다 붙들고 살아가고 있는 혹은 붙들고 살아가야 할 단어와 말에 관한 책이다.",1,국내도서-에세이
69,9791190147743,104405617,"오늘도, 캠핑","12,150원",670원,밍동,애플북스,"캠핑, 누구나 할 수 있지 모에요? 23만 구독자 캠핑 유튜버 밍동의 비하인드 스토리! 코로나19 여파로 국내 여행을 찾는 사람들이 많아지면서 호텔이나 리조트 대신 캠핑을 즐기려는 수요가 크게 늘고 있다. 캠핑족들을 겨냥한 기능과 디자인을 갖춘 SUV차량 및 아웃도어 브랜드뿐만 아니라 외식업체나 커피 브랜드까지 앞다투어 캠핑 굿즈를 내놓을 만큼 그 인기는 어느 때보다 높아지고 있다. 캠핑은 사전에 준비할 것들이 무수히 많다. 편안한 집을 뒤로하고 야외에서 활동해야 하는 부지런한 몸과 불편한 잠자리를 받아들일 수 있는 넉넉한 마음, 그리고 스타일에 꼭 맞는 장비들까지. 『오늘도, 캠핑』은 10년 차 스튜어디스였던 저자가 처음 캠핑을 하던 순간부터 백패킹, 비박, 차박, 오지 캠핑, 우중 캠핑 등 인기 있는 캠핑 유튜버가 되기까지를 기록한 에세이이다.",1,국내도서-에세이
70,9791196464110,72172952,마음의 결,"12,420원",690원,태희,피어오름,"누구에게나 고민은 있다. 학교에서, 직장에서, 연인 사이, 가족 간에도 고민은 생긴다. 태희 작가는 이러한 마음을 개개인의 관점에서 직접 바라보듯 글로 풀어내어 감정의 기저가 무엇인지를 보여주고, 그것이 향해야 할 방향을 넌지시 제시한다. 때로는 날카롭게, 때로는 따뜻하게 현재의 나의 생각과 감정을 대신 표현해 스스로 바라볼 수 있도록 돕고, 그래도 괜찮다고, 어떤 상황에서도 당신의 삶은 결코 틀리지 않았다고, 모두의 마음을 위로한다. 우정도 사랑도, 학업도 일도, 우리의 삶은 매 순간이 선택의 연속임을, 그 선택의 결과는 자신의 몫임을 말한다. 각 파트는 인간관계, 사랑, 자존감에 대해 이야기한다. 이미 SNS 5만 명의 독자가 자신의 이야기를 직접 털어놓고, 그 결에 위로받고 있다.",1,국내도서-에세이
71,9788954682510,103854050,당신을 위한 것이나 당신의 것은 아닌,"12,600원",700원,정지돈,문학동네,"“내가 원하는 건 산책이나 도시라는 말을 중심으로 잠재되어 있는 무언가를 건드리는 것이다.” 도시 속에서 걷기, 건축 속에서 걷기, 예술 속에서 걷기, 사유의 리듬에 맞추어, 소설가 정지돈이 세계를 인식하는 방식 소설가의 산문을 엮어 책으로 내는 방식엔 크게 두 가지가 있다. 여러 매체에 실은 시의적 에세이들을 정리한 책과, 처음부터 끝까지 하나의 콘셉트 아래 써내려간 에세이. 이 책은 후자에 속한다. 소설가 정지돈이 서울과 파리를 걸으며 생각한 것들을 담은 일종의 ‘도시 산책기’로, 2020년 2월부터 9월까지 문학동네 웹진 『주간 문학동네』에 밀도 높게 연재된 원고를 바탕으로 한다. 원고지 30~50매 분량의 글 스물세 편이 묶여 있으며 짤막한 단상에서는 다 펼쳐 보일 수 없는 확장된 사유를 하나의 주제 아래 넉넉하고 촘촘하게 담을 수 있었다.",1,국내도서-에세이
72,9791190299220,99396245,그게 너였으면 좋겠다,"13,950원",770원,일홍,피카(FIKA),"손에 잡히지 않는 꿈을 향해 달리며 불안해하는 당신, 나를 잘 알지도 못하는 누군가가 남긴 상처로 아파하는 당신, 영원할 줄 알았던 사랑이 남보다 못한 존재가 되어버린 상실감에 힘들어하는 당신에게 멀쩡히 하루를 보내다 문득 주저앉을 때, 더는 애쓰고 싶지 않을 때, 허약해진 나와 맞서야 할 때, 그럴 때마다 그림을 그리고 글을 쓰며 세상과 소통해온 작가 일홍. 인스타그램과 페이스북을 통해 순간의 감정을 놓치지 않고 기록하며 끊임없이 세상과 교감해온 그녀의 글과 그림이 한 권의 책이 되어 독자들을 만난다! 일홍의 첫 번째 에세이 『그게 너였으면 좋겠다』는 형식적인 위로를 뛰어넘어 ‘나’의 마음을 들여다보게 하는 115가지의 다정한 진심이 담긴 책이다.",1,국내도서-에세이
73,9791191891041,104431619,이 미로의 끝은 행복일 거야,"13,500원",750원,나란,북로망스,"“헤매면 좀 어때, 이 미로의 끝은 분명 행복일 거야” 인생은 미로 같아서 우리는 가끔, 길을 헤매기도 하고 목적지를 잃기도 한다. 그런 수수께끼 같은 곳에서 한번에 빠져나올 수 있는 사람은 존재하지 않는다. 분명 생각하거나 무작정 걷거나, 자신만의 방법을 터득할 때까지 시간이 걸리기 마련이다. 그러니 어른이라는 이유만으로 자책하지 말자. 누구에게나 하나씩 있는 인생 미로에서 자신의 길을 찾게 되는 날이 분명 올 테니. 아직 출구를 찾지 못했더라도 그 자체를 모험으로 즐겨보는 건 어떨까? 늦은 때란 없고 내 인생은 언제나 변함없이 내가 아름다운 시간이다.",1,국내도서-에세이
74,9788925563350,59070026,"곰돌이 푸, 행복한 일은 매일 있어","13,320원",740원,곰돌이 푸,알에이치코리아(RHK),"나를 지키기 위해 자꾸만 나를 잃어가는 세상 속에서, 나로 살기 위한 곰돌이 푸의 마음을 들여다보는 말. 곰돌이 푸의 긍정적인 기운과 '나의 삶은 나의 방식으로 정한다'라고 말했던 독일의 철학자 니체의 말 중에서 오늘날의 우리에게도 도움이 될 만한 조언들을 모았다. 말하자면 곰돌의 푸의 입으로 전하고 니체가 거드는 셈이다. 행복은 여전히 먼 곳에 있고, 나는 어떤 사람인지, 나는 무엇을 할 때 행복했는지에 대한 기억도 점차 흐려져 오늘도 ‘행복’을 찾는 일이 영 요원하게 느껴질 때, 이 책을 펼치면 어떤 페이지를 열든 푸가 느긋한 미소를 지으며 ‘너무 걱정하지 마. 다 잘 될 거야’라고 말하며 우리를 위로해줄 것이다.",1,국내도서-에세이
75,9791197472558,105119466,지쳤거나 좋아하는 게 없거나 (리커버 에디션),"14,400원",800원,글배우,강한별,"“지쳤거나 좋아하는 게 없거나” 25만 부 판매 기념 리커버 에디션, 4대 서점 종합 베스트셀러 1위 기록, 글배우가 전하는 잃어버린 삶의 의욕을 다시 찾을 수 있는 이야기!! 무기력해진 마음에 새롭게 다시 시작하고 싶은 의욕과 용기를 불러일으켜 준 글배우 ‘지쳤거나 좋아하는 게 없거나’ 도서가 25만 부 판매를 기록하며 2년 만에 새롭게 리커버 에디션으로 돌아왔다. 70페이지가 새롭게 추가되었고 도서가 베스트셀러에 오른 후의 글배우의 이야기가 담겨 더욱 궁금증을 자아낸다. 저자는 말한다. 그동안 살아오면서 잘해야 된다는 마음이 지나치게 강했다면 누구의 도움 없이 스스로 잘해내지 못하면 안되는 환경이었다면 그래서 잘하지 못 할까봐 늘 불안하고 초조하며 조금이라도 삶에 문제가 생기거나 조금이라도 잘하지 못 할 때마다 자신을 크게 자책했다면 이제는 지쳤을 수 있다.",1,국내도서-에세이
76,9791189932671,92357625,명랑한 은둔자,"14,400원",800원,캐롤라인 냅/김명남,바다출판사,"캐럴라인 냅은 지적이고 유려한 회고록 성격의 에세이를 쓴 작가로, 2002년 마흔둘이라는 이른 나이에 세상을 떠났다. 냅은 살면서 몇몇 끔찍한 중독에 빠진 경험이 있는데, 삶의 불가사의한 두려움으로부터 달아나고 싶을 땐 술로, 그런 자기 자신을 호되게 통제하고 싶을 땐 음식을 거부했다. 그는 이런 자신의 깊은 내면 이야기를 솔직하게, 우아하게, 또렷하게 고백해 세상을 놀라게 했다. 『드링킹, 그 치명적 유혹(Drinking)』은 알코올 중독의 삶을, 『세상은 왜 날씬한 여자를 원하는가(Appetites)』는 다이어트 강박증과 섭식장애에 관한 기록이다. 개를 향한 지나친 애착이 염려스러울 정도로 개를 사랑하여 그 마음을 『남자보다 개가 더 좋아(Pack of Two)』라는 책에 담기도 했다. 『명랑한 은둔자』는 그의 유고 에세이집으로, 캐럴라인 냅이라는 작가의 삶 전반을 빼곡히 담고 있는 초상과 같은 책이다.",2,국내도서-에세이
77,9788935213283,93512875,떠난 후에 남겨진 것들,"13,050원",720원,김새별/전애원,청림출판,"삶의 흔적을 지우고, 마지막 이야기를 전하는 사람 “우리는 천국으로의 이사를 돕는 사람들입니다” 25년 동안 1000번이 훌쩍 넘는 죽음을 마주했건만 아직도 가슴 아픈 사연을 간직한 고인과 만나면 가슴이 먹먹해진다고 말하는 유품정리사 김새별. 삶과 죽음의 한가운데서 주변 사람들과 함께 하루를 살아가는 것이 가장 큰 힘이 된다는 전애원. 그들이 길어올린 우리 이웃의 마지막 순간들을 모아 펴낸 『떠난 후에 남겨진 것들』이 개정판으로 돌아왔다. 최근 tvN [유 퀴즈 온 더 블록]을 통해 소개되어 죽음에 대한 의미와 고찰을 전하기도 한 이 책은 서로의 표정과 마음을 숨긴 채 살아가는 외로운 현대인들에게 자신의 삶을 돌아보는 따듯한 시간을 갖게 해 준다. 이 책은 한 유품정리사가 떠난 이들의 뒷모습에서 발견한 삶의 흔적이자, 떠난 이들이 세상에 남기고 간 마지막 이야기들을 모은 기록이다.",1,국내도서-에세이
78,9791155814208,104669379,공룡 테라피,"13,320원",740원,제임스 스튜어트/노지양/K 로미,윌북(willbook),"매일 밤 침대 위, 불안을 덮고 우울을 베고 누운 내 공룡 친구들에게 보내는 특별한 처방전 우울과 불안을 쓰다듬는 귀여운 테라피 “나는 행복한 공룡이 되고 싶어요.” “그래, 좋아. 이제 네 기대치를 낮춰보자.” 무책임하게 위로하지도, 함부로 냉소하지도 않는 난생처음 보는 공룡 에세이. 단순한 그림체와 간결하면서도 뼈 있는 글로 전 세계 140만 어른이들을 껴안아 준 화제의 만화가 드디어 책으로 나왔다. 웃기지만 씁쓸하고, 솔직하지만 따뜻한 이 공룡들의 문답은 엉망인 세상 속 멸종하고 싶지 않은 우리 이야기이기도 하다. 우울, 불안, 무기력, 외로움, ADHD… 내 안에는 어떤 이름의 공룡이 있을까? 어른이 되느라 애써 모른 척 했던 우리 안의 연약한 공룡들을 끄집어내 찬찬히 바라보자. 혼자가 아니라는 안도와 미소가 절로 나온다. 2019년 ADHD 진단을 받은 저자 제임스 스튜어트는 직장을 그만두고 자신의 짧은 집중력과 리듬에 맞는 새로운 장르를 찾아 나섰다.",1,국내도서-에세이
79,9788954677257,97587008,천문학자는 별을 보지 않는다,"13,500원",750원,심채경,문학동네,"‘창백한 푸른 점’ 속 천문학자가 일상을 살아가며, 우주를 사랑하는 법 『네이처』가 미래의 달 과학을 이끌 과학자로 주목한 심채경의 첫 에세이 이론물리학자 김상욱, 『씨네21』 김혜리 기자 강력 추천! 천문학자의 눈으로 바라본 일상과 세상, 그리고 멀고도 가까운 우주 예측할 수 있는 범위를 넘어선 무언가에 대해 말할 때 우리는 ‘천문학적’이라는 표현을 쓴다. 아름다운 무언가에 대해서는 ‘별처럼 빛난다’고 말하고, 무언가 간절히 원할 때면 별자리로 운을 점치며 ‘우주의 기운’이 함께하길 빌기도 한다. 그러나 정작 천문학자에게 천문학이란, 달과 별과 우주란 어떤 의미일까. 할리우드 영화 속 과학자들의 ‘액션’은 스릴이 넘치고 미항공우주국과 일론 머스크의 우주 탐사 일지는 화려하기 그지없지만 그런 뉴스들이 오히려 천문학을 딴 세상의 이야기로 치부하게 만드는 것은 아닐까.",1,국내도서-에세이
80,9791197559709,104743734,법정의 얼굴들,"15,300원",850원,박주영,모로,"구속, 무죄, 유죄, 선고, 징역, 재판, 형량… 형사법정에 올라온 사건들은 주로 한 단어나 문장으로 정리된다. 법정 밖 사람들에게 형사법정은 유무죄를 가리는 곳에 지나지 않지만, 기사 한 줄과 형량 너머 법정에는 뭉개지고 흐려진 ‘얼굴들’이 존재한다. 『어떤 양형 이유』로 독자를 눈물 흘리게 했던 박주영 판사는 다양한 이유로 형사법정에 오게 된 얼굴들의 서사를 기억하기 위해 코를 끅끅 삼키며 쓰고 또 썼다. 고통과 절망 속에서도 희망을 지었던 그가, 『법정의 얼굴들』에 말과 글로 빚어낸 눈물겨운 위무를 담아냈다.",1,국내도서-사회 정치
